﻿id,value
MSN,valuemsn
EAN,ean value
RSN0,rsn0
RSN1,rsn1
RSN2,RSN2
RSN3,RSN3
RSN4,RSN4
RSN5,RSN5
RSN6,RSN6
RSN7,RSN7
RSN8,RSN8
RSN9,RSN9
RSN10,RSN10
RSN11,RSN11
RSN12,RSN12
RSN13,RSN13
RSN14,RSN14
RSN15,RSN15
RSN16,RSN16
RSN17,RSN17
RSN18,RSN18
RSN19,RSN19
RSN20,RSN20
RSN21,RSN21
RSN22,RSN22
RSN23,RSN23
RSN24,RSN24
IMEI0,IMEI0
IMEI1,IMEI1
IMEI2,IMEI2
IMEI3,IMEI3
IMEI4,IMEI4
IMEI5,IMEI5
IMEI6,IMEI6
IMEI7,IMEI7
IMEI8,IMEI8
IMEI9,IMEI9
IMEI10,IMEI10
IMEI11,IMEI11
IMEI12,IMEI12
IMEI13,IMEI13
IMEI14,IMEI14
IMEI15,IMEI15
IMEI16,IMEI16
IMEI17,IMEI17
IMEI18,IMEI18
IMEI19,IMEI19
IMEI20,IMEI20
IMEI21,IMEI21
IMEI22,IMEI22
IMEI23,IMEI23
IMEI24,IMEI24
